id;apellido;fechaHora
CO1;Apellido1;2025-04-12T12:00
CO2;Apellido2;2025-04-11T09:00
CO3;Apellido3;2025-04-01T12:00
CO4;Apellido4;2025-04-02T11:00
CO5;Apellido5;2025-04-11T10:00
CO6;Apellido6;2025-04-10T11:00
CO7;Apellido7;2025-04-09T12:00
CO8;Apellido8;2025-04-08T12:00
CO9;Apellido9;2025-04-04T11:00
CO10;Apellido10;2025-04-06T08:00
CO11;Apellido11;2025-04-28T08:00
CO12;Apellido12;2025-04-07T12:00
CO13;Apellido13;2025-04-09T11:00
CO14;Apellido14;2025-04-18T09:00
CO15;Apellido15;2025-04-15T10:00
CO16;Apellido16;2025-04-09T11:00
CO17;Apellido17;2025-04-10T10:00
CO18;Apellido18;2025-04-25T09:00
CO19;Apellido19;2025-04-18T11:00
CO20;Apellido20;2025-04-28T09:00
CO22;Apellido22;2025-04-04T09:00
CO21;Apellido21;2025-04-22T12:00
CO23;Apellido23;2025-04-12T11:00
CO24;Apellido24;2025-04-03T11:00
CO25;Apellido25;2025-04-28T11:00
CO26;Apellido26;2025-04-21T10:00
CO27;Apellido27;2025-04-10T09:00
CO28;Apellido28;2025-04-21T12:00
CO29;Apellido29;2025-04-19T10:00
CO30;Apellido30;2025-04-16T10:00
CO31;Apellido31;2025-04-28T10:00
CO32;Apellido32;2025-04-17T10:00
CO33;Apellido33;2025-04-05T12:00
CO34;Apellido34;2025-04-10T09:00
CO35;Apellido35;2025-04-13T08:00
CO36;Apellido36;2025-04-16T09:00
CO37;Apellido37;2025-04-07T09:00
CO38;Apellido38;2025-04-09T09:00
CO39;Apellido39;2025-04-18T12:00
CO40;Apellido40;2025-04-26T11:00
CO41;Apellido41;2025-04-23T10:00
CO42;Apellido42;2025-04-25T08:00
CO43;Apellido43;2025-04-07T10:00
CO44;Apellido44;2025-04-17T08:00
CO45;Apellido45;2025-04-20T09:00
CO46;Apellido46;2025-04-21T08:00
CO47;Apellido47;2025-04-17T12:00
CO48;Apellido48;2025-04-04T09:00
CO49;Apellido49;2025-04-18T09:00
CO50;Apellido50;2025-04-09T08:00
CO52;Apellido52;2025-04-20T11:00
CO51;Apellido51;2025-04-10T10:00
CO53;Apellido53;2025-04-11T11:00
CO54;Apellido54;2025-04-09T09:00
CO55;Apellido55;2025-04-27T10:00
CO56;Apellido56;2025-04-13T09:00
CO57;Apellido57;2025-04-06T11:00
CO58;Apellido58;2025-04-05T12:00
CO59;Apellido59;2025-04-25T10:00
CO60;Apellido60;2025-04-14T08:00
CO61;Apellido61;2025-04-10T11:00
CO62;Apellido62;2025-04-18T08:00
CO63;Apellido63;2025-04-23T08:00
CO64;Apellido64;2025-04-28T11:00
CO65;Apellido65;2025-04-23T11:00
CO66;Apellido66;2025-04-19T12:00
CO67;Apellido67;2025-04-16T11:00
CO68;Apellido68;2025-04-03T12:00
CO69;Apellido69;2025-04-08T09:00
CO70;Apellido70;2025-04-05T08:00
CO71;Apellido71;2025-04-15T11:00
CO72;Apellido72;2025-04-16T08:00
CO73;Apellido73;2025-04-03T11:00
CO74;Apellido74;2025-04-05T09:00
CO75;Apellido75;2025-04-02T10:00
CO76;Apellido76;2025-04-07T11:00
CO77;Apellido77;2025-04-09T11:00
CO78;Apellido78;2025-04-06T10:00
CO79;Apellido79;2025-04-13T09:00
CO80;Apellido80;2025-04-03T08:00
CO81;Apellido81;2025-04-18T10:00
CO82;Apellido82;2025-04-20T12:00
CO83;Apellido83;2025-04-01T10:00
CO84;Apellido84;2025-04-20T12:00
CO85;Apellido85;2025-04-20T09:00
CO86;Apellido86;2025-04-01T10:00
CO87;Apellido87;2025-04-22T09:00
CO88;Apellido88;2025-04-15T12:00
CO89;Apellido89;2025-04-17T08:00
CO90;Apellido90;2025-04-22T09:00
CO91;Apellido91;2025-04-14T11:00
CO92;Apellido92;2025-04-22T11:00
CO93;Apellido93;2025-04-03T10:00
CO94;Apellido94;2025-04-27T12:00
CO95;Apellido95;2025-04-05T09:00
CO96;Apellido96;2025-04-03T10:00
CO97;Apellido97;2025-04-19T12:00
CO98;Apellido98;2025-04-02T09:00
CO99;Apellido99;2025-04-11T12:00
CO100;Apellido100;2025-04-05T11:00
